Dementia,10 Helpful Hints for Carers: Practical Solutions for Carers Living with People with Dementia,9781857692365
Dementia,A Funny Old World in Pictures,9780955394041
Dementia,A Sporting Life in Pictures,9780955394065
Dementia,A World of Work in Pictures,9780956381835
Dementia,ABC of Dementia,9781118474020
Dementia,About Dementia: For People with Learning Disabilities,9781904082903
Dementia,Alzheimer’s and Other Dementias: Answers at your Fingertips [2006],9781859591482
Dementia,Alzheimer’s and Other Dementias: Answers at your Fingertips [2014],9781859595527
Dementia,And Still the Music Plays: Stories of People with Dementia,9781874790952
Dementia,Beside the Seaside in Pictures,9780955394034
Dementia,But Then Something Happened: A Story of Everyday Dementia,9780957307902
Dementia,"Can I Tell You about Dementia? A Guide for Family, Friends and Carers",9781849052979
Dementia,Childhood Days in Pictures,9780956381828
Dementia,Chocolate Rain: 100 Ideas for a Creative Approach to Activities in Dementia Care,9781874790969
Dementia,Coping with Memory Problems,9781847092748
Dementia,Dancing With Dementia: My Story of Living Positively with Dementia,9781843103325
Dementia,Dear Dementia: The Laughter and the Tears,9781874790860
Dementia,Dementia Positive [2013],9781908373571
Dementia,Dementia Positive [2014],9781910021507
Dementia,Dementia: Support for Family and Friends,9781849052436
Dementia,Family Life in Pictures,9780956381811
Dementia,First Steps to Living with Dementia [2013],9780745955568
Dementia,First Steps to Living with Dementia [2014],9781459686755
Dementia,Grandma,9781846435973
Dementia,Hearing the Person with Dementia: Person-centred Approaches to Communication for Families and Caregivers,9781849051866
Dementia,In the Garden in Pictures,9780955394058
Dementia,Introduction to the Psychology of Ageing for Non-specialists,9781849053631
Dementia,Losing Clive to Younger Onset Dementia: One Family’s Story,9781843104803
Dementia,Pets in Pictures,9780955394089
Dementia,Proverbs and Sayings,9780956381842
Dementia,Seeing Beyond Dementia: A Handbook for Carers with English as a Second Language,9781846198922
Dementia,Shopping in Pictures,9780955394096
Dementia,Still Alice [2012],9781849838429
Dementia,Still Alice [2015],9781471140822
Dementia,Telling Tales About Dementia: Experiences of Caring,9781843109419
Dementia,The Countryside in Pictures,9780956381859
Dementia,"The Little Girl in the Radiator: Mum, Alzheimer’s and Me",9781906308438
Dementia,Travelling in Pictures,9780955394072
Dementia,Understanding Alzheimer’s Disease & Other Dementias,9781903474617
Dementia,When Someone You Love Has Dementia [2010],9781847090751
Dementia,When Someone You Love Has Dementia [2016],9781847094032