Young People,Am I Depressed and What Can I Do About it?,9781472114563
Young People,Banish Your Body Image Thief,9780857008428
Young People,Banish Your Self-Esteem Thief,9781849054621
Young People,Blame My Brain,9781406346930
Young People,Breaking Free from OCD,9781843105749
Young People,"Bullies, Cyberbullies and Frenemies",9780750272148
Young People,Can I Tell You About Depression?,9781849055635
Young People,Can I Tell You About Eating Disorders?,9781849054218
Young People,Don’t Let Your Emotions Run Your Life for Teens,9781572248847
Young People,Every Day,9781405264426
Young People,Face,9780747541547
Young People,Fighting Invisible Tigers,9781575422824
Young People,"Freaks, Geeks and Asperger Syndrome",9781843100980
Young People,House of Windows,9780571321537
Young People,I Had a Black Dog,9781845295899
Young People,I’ll Give You The Sun,9781406326499
Young People,Kite Spirit,9780330517928
Young People,Mind Your Head,9781471405310
Young People,My Anxious Mind,9781433804502
Young People,Putting on the Brakes: Understanding and Taking Control of Your ADD or ADHD,9781433803871
Young People,Quiet the Mind,9781780331188
Young People,Self-Esteem and Being You,9780750279376
Young People,Stuff That Sucks: Accepting what You Can’t Change and Committing to What You Can,9781472120533
Young People,The Anxiety Survival Guide for Teens,9781626252431
Young People,The Curious Incident of the Dog in the Night-Time,9780099450252
Young People,The Perks of Being a Wallflower,9781847394071
Young People,The Reason I Jump,9781444776775
Young People,"The Self-Esteem Team’s Guide to Sex, Drugs and WTFs?!!",9781784186425
Young People,The Shyness and Social Anxiety Workbook for Teens,9781608821877
Young People,The Teenage Guide to Stress,9781406353143
Young People,The Truth about Self-Harm,9781903645994
Young People,The Unlikely Hero of Room 13B,9781406362992
Young People,Touch and Go Joe,9781843103912
Young People,Tyranny,9781406331134
Young People,Vicious: True Stories by Teens About Bullying ,9781575424132